dataset_size,model,status,accuracy,balanced_accuracy,precision,recall,f1,roc_auc,pr_auc,average_precision,mcc,false_positive_rate,false_negative_rate,true_positive,false_positive,true_negative,false_negative,brier_score,expected_business_cost,cost_per_transaction,threshold,review_volume,selection_pr_auc,tune_pr_auc,training_time_seconds,peak_memory_mb,model_file_size_mb,p95_inference_latency_ms,inference_time_seconds,calibration,reference_model,pr_auc_delta,delta_ci_low,delta_ci_high,bootstrap_unit,bootstrap_repeats
300000,LightGBM,SUCCESS,0.3771111111111111,0.6232219934149795,0.062084780629278656,0.8941233608547838,0.11610746720484359,0.77503356622269,0.20978647963671349,0.20978647963671349,0.10862665615379427,0.6476793740248248,0.10587663914521613,1841,27812,15129,218,0.039525884546955804,774240,17.205333333333332,0.01965654113672029,0.6589555555555555,0.2663055489600627,0.23753328111593744,7.872429399999419,1368.87890625,0.11301136016845703,10.977990000264981,0.015488475000135319,sigmoid,FullHybrid,0.004292674225270021,-0.00045012799748046225,0.010043482139294704,UTC test day,150
300000,RulesOnly,SUCCESS,0.045755555555555556,0.5,0.045755555555555556,1.0,0.08750717184810557,0.6022681210523685,0.07808761646837276,0.07808761646837276,0.0,1.0,0.0,2059,42941,0,0,0.04301513358950615,858820,19.084888888888887,0.005,1.0,0.09752119697824808,,0.0,,0.0012617111206054688,1.9040100001802782,0.002300091666635732,isotonic,FullHybrid,0.13599153739361075,0.12088583875480448,0.14996274027445475,UTC test day,150
300000,IsolationForest,SUCCESS,0.058222222222222224,0.501908369728622,0.04592445775805761,0.9902865468674114,0.08777820827414008,0.5840317128037218,0.06813470759908677,0.06813470759908677,0.006947570055069057,0.9864698074101674,0.009713453132588635,2039,42360,581,20,0.0434332375745157,867200,19.27111111111111,0.018275718390737567,0.9866444444444444,0.07465310154994982,,1.3456118000003698,1267.046875,1.3670883178710938,8.750825000151963,0.012461258333360092,sigmoid,FullHybrid,0.14594444626289674,0.12794722453009172,0.16572436531051415,UTC test day,150
300000,Hybrid_RulesSupervised,SUCCESS,0.43795555555555554,0.6426185543286806,0.06666169284142201,0.8678970373967946,0.12381348299036929,0.7751961847331349,0.21007937050073117,0.21007937050073117,0.12144901836294497,0.5826599287394332,0.13210296260320545,1787,25020,17921,272,0.039577729455899595,772400,17.164444444444445,0.019503854956789676,0.5957111111111111,0.26571493616529823,,0.007264900000336638,1137.49609375,1.480316162109375,10.06427000002077,0.016329424999867115,identity,FullHybrid,0.00399978336125234,-0.0005317458228140837,0.00791171682060178,UTC test day,150
300000,Hybrid_AddAnomaly,SUCCESS,0.4022222222222222,0.6289814234987412,0.06356512878175621,0.878581835842642,0.11855298512353366,0.7756398964303992,0.2082444546508486,0.2082444546508486,0.1117971450085199,0.6206189888451596,0.12141816415735794,1809,26650,16291,250,0.03957362748782736,783000,17.4,0.018377214173814337,0.6324222222222222,0.26426851795204404,,0.007403399999930116,1138.2734375,1.4803848266601562,19.848125000089567,0.028630966666696622,identity,FullHybrid,0.005834699211134914,0.0008882631824612651,0.009563137622802363,UTC test day,150
300000,Hybrid_AddDeviceRecipient,SUCCESS,0.38822222222222225,0.6251136635865928,0.06263951371956454,0.8858669256920836,0.11700558085829751,0.7760513965879678,0.21127134127460787,0.21127134127460787,0.10941373313931842,0.6356395985188981,0.11413307430791647,1824,27295,15646,235,0.03945500568689526,780900,17.35333333333333,0.01788857631292993,0.6470888888888889,0.26427962801625465,,0.008432500000708387,1139.01171875,1.4804859161376953,19.423885000469454,0.028257858333518016,identity,FullHybrid,0.002807812587375641,-0.0023706161775250353,0.00684258568945242,UTC test day,150
300000,FullHybrid,SUCCESS,0.3861777777777778,0.6242736187523821,0.06247218704001643,0.8863525983487129,0.11671783064722435,0.7756243901028279,0.2140791538619835,0.2140791538619835,0.10882666163425893,0.6378053608439487,0.11364740165128703,1825,27388,15553,234,0.039471302521602795,781760,17.372444444444444,0.01770517591341956,0.6491777777777777,0.26509479835075567,,0.016231300000072224,1139.16015625,1.4805889129638672,20.96102000064093,0.02902260000003783,identity,FullHybrid,0.0,0.0,0.0,UTC test day,150
300000,Hybrid_WithoutAnomaly,SUCCESS,0.47004444444444443,0.6515717789317054,0.06930223364301245,0.8513841670713939,0.12817138261314615,0.7753145123764981,0.21524340366104777,0.21524340366104777,0.12767534270228084,0.548240609207983,0.1486158329286061,1753,23542,19399,306,0.03946099325838053,776840,17.26311111111111,0.02032460650756574,0.5621111111111111,0.26571348832281255,,0.009208800000124029,1139.47265625,1.4805412292480469,11.395399999719302,0.01705391666663066,identity,FullHybrid,-0.0011642497990642653,-0.0025235808937608684,-6.391987860667507e-05,UTC test day,150
300000,Hybrid_WithoutGraph,SUCCESS,0.38624444444444445,0.6243085504027862,0.062478603218076,0.8863525983487129,0.11672902875051969,0.7756277718620868,0.2140348612435554,0.2140348612435554,0.1088524991595288,0.6377354975431406,0.11364740165128703,1825,27385,15556,234,0.03947199988298078,781700,17.371111111111112,0.01770333904387583,0.6491111111111111,0.26508300307557775,,0.009513800000604533,1141.5234375,1.4805412292480469,22.08587499985697,0.028888099999903716,identity,FullHybrid,4.4292618428115604e-05,-4.4158067214595394e-05,0.00015936538075826058,UTC test day,150
300000,Hybrid_WithoutSequence,SUCCESS,0.38808888888888887,0.6250438002857847,0.06262660944206008,0.8858669256920836,0.11698306824012314,0.7760544729709724,0.2113347934651815,0.2113347934651815,0.10936203327186383,0.6357793251205142,0.11413307430791647,1824,27301,15640,235,0.03945347199346857,781020,17.356,0.017901696895272136,0.6472222222222223,0.26429116960870924,,0.008980800000244926,1143.36328125,1.4805374145507812,21.064404999560793,0.035565349999918304,identity,FullHybrid,0.002744360396802009,-0.0024084762411789523,0.006746684037973462,UTC test day,150
300000,WithoutGraphFeatures,SUCCESS,0.42393333333333333,0.6387391505330642,0.0656036114751711,0.875182127246236,0.1220577776272564,0.7759972997500586,0.211309621983342,0.211309621983342,0.11889511921782335,0.5977038261801076,0.12481787275376396,1802,25666,17275,257,0.03951302751580314,770320,17.118222222222222,0.020867304573411495,0.6104,0.2703057861567828,,3.5554111999999805,1496.546875,0.11272048950195312,9.573190000173781,0.014673833333290531,sigmoid,LightGBM,-0.0015231423466285088,-0.0036231426909882356,0.0008529208311669378,UTC test day,150
300000,WithoutSequenceFeatures,SUCCESS,0.30648888888888887,0.5938470824335714,0.05696568076116363,0.9101505585235551,0.10722050577869321,0.7695539965104994,0.2073637281005157,0.2073637281005157,0.08844847666019129,0.7224563936564122,0.08984944147644487,1874,31023,11918,185,0.03963368730634805,805460,17.89911111111111,0.018244062332957448,0.7310444444444445,0.2658367268272528,,3.9315959000005023,1499.55859375,0.11275863647460938,11.07308500008912,0.021570966666786262,sigmoid,LightGBM,0.0024227515361977814,-0.0019258435511080216,0.0057290334966573105,UTC test day,150
