model,fraud_type,count,recall
LightGBM,MULE_ACTIVITY,269,0.9591078066914498
LightGBM,ACCOUNT_TAKEOVER,328,0.9329268292682927
LightGBM,SUBTLE_FRAUD,359,0.7799442896935933
LightGBM,SIM_SWAP_PATTERN,168,0.9226190476190477
RulesOnly,MULE_ACTIVITY,269,1.0
RulesOnly,ACCOUNT_TAKEOVER,328,1.0
RulesOnly,SUBTLE_FRAUD,359,1.0
RulesOnly,SIM_SWAP_PATTERN,168,1.0
IsolationForest,MULE_ACTIVITY,269,0.9851301115241635
IsolationForest,ACCOUNT_TAKEOVER,328,0.9969512195121951
IsolationForest,SUBTLE_FRAUD,359,0.9916434540389972
IsolationForest,SIM_SWAP_PATTERN,168,0.9880952380952381
Hybrid_RulesSupervised,MULE_ACTIVITY,269,0.9479553903345725
Hybrid_RulesSupervised,ACCOUNT_TAKEOVER,328,0.9085365853658537
Hybrid_RulesSupervised,SUBTLE_FRAUD,359,0.7270194986072424
Hybrid_RulesSupervised,SIM_SWAP_PATTERN,168,0.8928571428571429
Hybrid_AddAnomaly,MULE_ACTIVITY,269,0.9516728624535316
Hybrid_AddAnomaly,ACCOUNT_TAKEOVER,328,0.926829268292683
Hybrid_AddAnomaly,SUBTLE_FRAUD,359,0.7493036211699164
Hybrid_AddAnomaly,SIM_SWAP_PATTERN,168,0.9047619047619048
Hybrid_AddDeviceRecipient,MULE_ACTIVITY,269,0.9516728624535316
Hybrid_AddDeviceRecipient,ACCOUNT_TAKEOVER,328,0.9298780487804879
Hybrid_AddDeviceRecipient,SUBTLE_FRAUD,359,0.754874651810585
Hybrid_AddDeviceRecipient,SIM_SWAP_PATTERN,168,0.9107142857142857
FullHybrid,MULE_ACTIVITY,269,0.9516728624535316
FullHybrid,ACCOUNT_TAKEOVER,328,0.926829268292683
FullHybrid,SUBTLE_FRAUD,359,0.7632311977715878
FullHybrid,SIM_SWAP_PATTERN,168,0.9107142857142857
Hybrid_WithoutAnomaly,MULE_ACTIVITY,269,0.9368029739776952
Hybrid_WithoutAnomaly,ACCOUNT_TAKEOVER,328,0.9024390243902439
Hybrid_WithoutAnomaly,SUBTLE_FRAUD,359,0.6908077994428969
Hybrid_WithoutAnomaly,SIM_SWAP_PATTERN,168,0.8809523809523809
Hybrid_WithoutGraph,MULE_ACTIVITY,269,0.9516728624535316
Hybrid_WithoutGraph,ACCOUNT_TAKEOVER,328,0.926829268292683
Hybrid_WithoutGraph,SUBTLE_FRAUD,359,0.7632311977715878
Hybrid_WithoutGraph,SIM_SWAP_PATTERN,168,0.9107142857142857
Hybrid_WithoutSequence,MULE_ACTIVITY,269,0.9516728624535316
Hybrid_WithoutSequence,ACCOUNT_TAKEOVER,328,0.9298780487804879
Hybrid_WithoutSequence,SUBTLE_FRAUD,359,0.754874651810585
Hybrid_WithoutSequence,SIM_SWAP_PATTERN,168,0.9107142857142857
WithoutGraphFeatures,MULE_ACTIVITY,269,0.9479553903345725
WithoutGraphFeatures,ACCOUNT_TAKEOVER,328,0.9298780487804879
WithoutGraphFeatures,SUBTLE_FRAUD,359,0.7214484679665738
WithoutGraphFeatures,SIM_SWAP_PATTERN,168,0.8809523809523809
WithoutSequenceFeatures,MULE_ACTIVITY,269,0.966542750929368
WithoutSequenceFeatures,ACCOUNT_TAKEOVER,328,0.9420731707317073
WithoutSequenceFeatures,SUBTLE_FRAUD,359,0.8105849582172702
WithoutSequenceFeatures,SIM_SWAP_PATTERN,168,0.9226190476190477
