model,method,brier_score,pr_auc,roc_auc,eligible,selected
LogisticRegression,identity,0.17858676612377167,0.23889907882503889,0.7757210190449826,True,False
LogisticRegression,sigmoid,0.04395071044564247,0.23889907882503889,0.7757210190449825,True,False
LogisticRegression,isotonic,0.043354421854019165,0.22617308690812385,0.777256172811338,True,True
RandomForest,identity,0.13193536321658905,0.2256883612329104,0.7819516315651243,True,False
RandomForest,sigmoid,0.04404837335450504,0.2256883612329104,0.7819516315651243,True,True
RandomForest,isotonic,0.04376794688783011,0.20449264477126666,0.778660133104968,False,False
HistGradientBoosting,identity,0.15152895541906167,0.2632865058184876,0.7861683292111963,True,False
HistGradientBoosting,sigmoid,0.04264959037703621,0.2632865058184876,0.7861683292111963,True,True
HistGradientBoosting,isotonic,0.04272829639143713,0.24478221456686233,0.7832628057505079,False,False
XGBoost,identity,0.17594121396541595,0.2626538481010605,0.7843164097556227,True,False
XGBoost,sigmoid,0.04282619431614876,0.26265384810106046,0.7843164097556228,True,True
XGBoost,isotonic,0.04264179989695549,0.24657997446304558,0.782845014749442,False,False
LightGBM,identity,0.1695975814793226,0.2663055489600627,0.7857310176354448,True,False
LightGBM,sigmoid,0.04256847541415674,0.2663055489600627,0.7857310176354448,True,True
LightGBM,isotonic,0.042500134011465664,0.2464247219797088,0.782359662278847,False,False
RulesOnly,identity,0.0487210787832737,0.10290638423894494,0.6135050434066597,True,False
RulesOnly,sigmoid,0.048326123505830765,0.10290638423894494,0.6135050434066597,True,False
RulesOnly,isotonic,0.0477619394659996,0.09752119697824808,0.6140973787670907,True,True
IsolationForest,identity,0.3098541633093615,0.07465310154994982,0.5827465752799554,True,False
IsolationForest,sigmoid,0.04845800342413162,0.07465310154994982,0.5827465752799554,True,True
IsolationForest,isotonic,0.04852853756824044,0.06962507450850455,0.5796248044139822,True,False
Hybrid_RulesSupervised,identity,0.04248327190580553,0.26571493616529823,0.7850751770287963,True,True
Hybrid_RulesSupervised,sigmoid,0.04266684101168036,0.26571493616529823,0.7850751770287963,True,False
Hybrid_RulesSupervised,isotonic,0.042509726484791024,0.25017902885190235,0.7850214320699211,False,False
Hybrid_AddAnomaly,identity,0.04248507504792139,0.26426851795204404,0.7851672025951718,True,True
Hybrid_AddAnomaly,sigmoid,0.042666198208010916,0.26426851795204404,0.7851672025951718,True,False
Hybrid_AddAnomaly,isotonic,0.04250479715061024,0.24418688446138578,0.7838799854787205,False,False
Hybrid_AddDeviceRecipient,identity,0.0424693919417078,0.26427962801625465,0.7848561409699849,True,True
Hybrid_AddDeviceRecipient,sigmoid,0.04263710100854456,0.26427962801625465,0.7848561409699849,True,False
Hybrid_AddDeviceRecipient,isotonic,0.042407066362641965,0.24667906034179693,0.783096120323808,False,False
FullHybrid,identity,0.04252162277922695,0.26509479835075567,0.7844259277850283,True,True
FullHybrid,sigmoid,0.042696023272884166,0.26509479835075567,0.7844259277850283,True,False
FullHybrid,isotonic,0.04274796526679913,0.2364890328375032,0.7829659409069106,False,False
Hybrid_WithoutAnomaly,identity,0.04251738417106191,0.26571348832281255,0.7842771150922944,True,True
Hybrid_WithoutAnomaly,sigmoid,0.04269473061534533,0.26571348832281255,0.7842771150922944,True,False
Hybrid_WithoutAnomaly,isotonic,0.04268396507288038,0.2403402389991226,0.7836453583115566,False,False
Hybrid_WithoutGraph,identity,0.042521933240760985,0.26508300307557775,0.7844299840083396,True,True
Hybrid_WithoutGraph,sigmoid,0.042696622250580886,0.26508300307557775,0.7844299840083396,True,False
Hybrid_WithoutGraph,isotonic,0.04274701186916864,0.23705110921290068,0.7832506370805737,False,False
Hybrid_WithoutSequence,identity,0.0424693136652828,0.26429116960870924,0.7848812388517238,True,True
Hybrid_WithoutSequence,sigmoid,0.04263650969180596,0.26429116960870924,0.7848812388517238,True,False
Hybrid_WithoutSequence,isotonic,0.04246884809421716,0.24537483040861788,0.784492855469665,False,False
WithoutGraphFeatures,identity,0.1674702210920738,0.2703057861567828,0.7866751036111542,True,False
WithoutGraphFeatures,sigmoid,0.04248549711325324,0.2703057861567828,0.7866751036111542,True,True
WithoutGraphFeatures,isotonic,0.04245807345717176,0.2412604948355853,0.7792325676197777,False,False
WithoutSequenceFeatures,identity,0.17229474752104587,0.2658367268272528,0.7889440535259229,True,False
WithoutSequenceFeatures,sigmoid,0.04263586821735824,0.2658367268272528,0.7889440535259229,True,True
WithoutSequenceFeatures,isotonic,0.042627650663584725,0.24762167555350106,0.7869197445796181,False,False
