dataset_size,model,status,accuracy,balanced_accuracy,precision,recall,f1,roc_auc,pr_auc,average_precision,mcc,false_positive_rate,false_negative_rate,true_positive,false_positive,true_negative,false_negative,brier_score,expected_business_cost,cost_per_transaction,threshold,review_volume,selection_pr_auc,tune_pr_auc,training_time_seconds,peak_memory_mb,model_file_size_mb,p95_inference_latency_ms,inference_time_seconds,calibration,stack_training_time_seconds
300000,LogisticRegression,SUCCESS,0.4294888888888888,0.6273161898195723,0.0642208607071676,0.8450704225352113,0.1193702191884197,0.7547332329746319,0.186611401677427,0.186611401677427,0.1087031240790085,0.5904380428960667,0.1549295774647887,1740,25354,17587,319,0.0400678105652332,826080,18.357333333333333,0.0285540707409381,0.6020888888888889,0.2261730869081238,0.229226351132348,0.8543689999996786,1061.62890625,0.0082654953002929,9.98666000009507,0.0122073000000758,isotonic,0.8543689999996786
300000,RandomForest,SUCCESS,0.2562222222222222,0.5774498931573313,0.0543906937154206,0.9310344827586208,0.1027771820716277,0.7636673489413097,0.1946737884249329,0.1946737884249329,0.0785511729827033,0.7761346964439579,0.0689655172413793,1917,33328,9613,142,0.0400699358025499,808560,17.968,0.0196180718699616,0.7832222222222223,0.2256883612329104,0.21514227721684,41.622824500000206,1067.0,5.131635665893555,36.63504499945702,0.041210691666644,sigmoid,41.622824500000206
300000,HistGradientBoosting,SUCCESS,0.3866222222222222,0.6235817266423556,0.0623950659585403,0.8844099077221952,0.116566380745103,0.7725134769609846,0.2056786422277259,0.2056786422277259,0.1081767819169681,0.637246454437484,0.1155900922778047,1821,27364,15577,238,0.0396211144965532,785280,17.450666666666667,0.0204394959553172,0.6485555555555556,0.2632865058184876,0.2335234034156056,8.19156699999985,1510.890625,0.1880292892456054,12.211549999756244,0.0212066833333513,sigmoid,8.19156699999985
300000,XGBoost,SUCCESS,0.4847555555555555,0.6541937960009034,0.0703973321403879,0.8406993686255464,0.1299159411588111,0.7737890279194086,0.2076137026340818,0.2076137026340818,0.1294370395523277,0.5323117766237395,0.1593006313744536,1731,22858,20083,328,0.0398316234350204,785160,17.448,0.025,0.5464222222222223,0.2626538481010604,0.2327842589915843,6.485737300000437,1149.37890625,0.0377473831176757,10.913495000113471,0.0140241333333506,sigmoid,6.485737300000437
300000,LightGBM,SUCCESS,0.3771111111111111,0.6232219934149795,0.0620847806292786,0.8941233608547838,0.1161074672048435,0.77503356622269,0.2097864796367134,0.2097864796367134,0.1086266561537942,0.6476793740248248,0.1058766391452161,1841,27812,15129,218,0.0395258845469558,774240,17.205333333333332,0.0196565411367202,0.6589555555555555,0.2663055489600627,0.2375332811159374,7.872429399999419,1368.87890625,0.113011360168457,10.97799000026498,0.0154884750001353,sigmoid,7.872429399999419
300000,RulesOnly,SUCCESS,0.0457555555555555,0.5,0.0457555555555555,1.0,0.0875071718481055,0.6022681210523685,0.0780876164683727,0.0780876164683727,0.0,1.0,0.0,2059,42941,0,0,0.0430151335895061,858820,19.084888888888887,0.005,1.0,0.097521196978248,,0.0,,0.0012617111206054,1.9040100001802784,0.0023000916666357,isotonic,0.0
300000,IsolationForest,SUCCESS,0.0582222222222222,0.501908369728622,0.0459244577580576,0.9902865468674114,0.08777820827414,0.5840317128037218,0.0681347075990867,0.0681347075990867,0.006947570055069,0.9864698074101674,0.0097134531325886,2039,42360,581,20,0.0434332375745157,867200,19.27111111111111,0.0182757183907375,0.9866444444444444,0.0746531015499498,,1.3456118000003698,1267.046875,1.3670883178710938,8.750825000151963,0.01246125833336,sigmoid,1.3456118000003698
300000,Hybrid_RulesSupervised,SUCCESS,0.4379555555555555,0.6426185543286806,0.066661692841422,0.8678970373967946,0.1238134829903692,0.7751961847331349,0.2100793705007311,0.2100793705007311,0.1214490183629449,0.5826599287394332,0.1321029626032054,1787,25020,17921,272,0.0395777294558995,772400,17.164444444444445,0.0195038549567896,0.5957111111111111,0.2657149361652982,,0.0072649000003366,1137.49609375,1.480316162109375,10.06427000002077,0.0163294249998671,identity,7.8796942999997555
300000,Hybrid_AddAnomaly,SUCCESS,0.4022222222222222,0.6289814234987412,0.0635651287817562,0.878581835842642,0.1185529851235336,0.7756398964303992,0.2082444546508486,0.2082444546508486,0.1117971450085199,0.6206189888451596,0.1214181641573579,1809,26650,16291,250,0.0395736274878273,783000,17.4,0.0183772141738143,0.6324222222222222,0.264268517952044,,0.0074033999999301,1138.2734375,1.4803848266601562,19.848125000089567,0.0286309666666966,identity,9.225444599999719
300000,Hybrid_AddDeviceRecipient,SUCCESS,0.3882222222222222,0.6251136635865928,0.0626395137195645,0.8858669256920836,0.1170055808582975,0.7760513965879678,0.2112713412746078,0.2112713412746078,0.1094137331393184,0.6356395985188981,0.1141330743079164,1824,27295,15646,235,0.0394550056868952,780900,17.35333333333333,0.0178885763129299,0.6470888888888889,0.2642796280162546,,0.0084325000007083,1139.01171875,1.480485916137695,19.42388500046945,0.028257858333518,identity,9.226473700000497
300000,FullHybrid,SUCCESS,0.3861777777777778,0.6242736187523821,0.0624721870400164,0.8863525983487129,0.1167178306472243,0.7756243901028279,0.2140791538619835,0.2140791538619835,0.1088266616342589,0.6378053608439487,0.113647401651287,1825,27388,15553,234,0.0394713025216027,781760,17.372444444444444,0.0177051759134195,0.6491777777777777,0.2650947983507556,,0.0162313000000722,1139.16015625,1.4805889129638672,20.96102000064093,0.0290226000000378,identity,9.23427249999986
300000,Hybrid_WithoutAnomaly,SUCCESS,0.4700444444444444,0.6515717789317054,0.0693022336430124,0.8513841670713939,0.1281713826131461,0.7753145123764981,0.2152434036610477,0.2152434036610477,0.1276753427022808,0.548240609207983,0.1486158329286061,1753,23542,19399,306,0.0394609932583805,776840,17.26311111111111,0.0203246065075657,0.5621111111111111,0.2657134883228125,,0.009208800000124,1139.47265625,1.4805412292480469,11.395399999719302,0.0170539166666306,identity,7.881638199999543
300000,Hybrid_WithoutGraph,SUCCESS,0.3862444444444444,0.6243085504027862,0.062478603218076,0.8863525983487129,0.1167290287505196,0.7756277718620868,0.2140348612435554,0.2140348612435554,0.1088524991595288,0.6377354975431406,0.113647401651287,1825,27385,15556,234,0.0394719998829807,781700,17.371111111111112,0.0177033390438758,0.6491111111111111,0.2650830030755777,,0.0095138000006045,1141.5234375,1.4805412292480469,22.08587499985697,0.0288880999999037,identity,9.227555000000393
300000,Hybrid_WithoutSequence,SUCCESS,0.3880888888888888,0.6250438002857847,0.06262660944206,0.8858669256920836,0.1169830682401231,0.7760544729709724,0.2113347934651815,0.2113347934651815,0.1093620332718638,0.6357793251205142,0.1141330743079164,1824,27301,15640,235,0.0394534719934685,781020,17.356,0.0179016968952721,0.6472222222222223,0.2642911696087092,,0.0089808000002449,1143.36328125,1.4805374145507812,21.064404999560796,0.0355653499999183,identity,9.227022000000034
300000,WithoutGraphFeatures,SUCCESS,0.4239333333333333,0.6387391505330642,0.0656036114751711,0.875182127246236,0.1220577776272564,0.7759972997500586,0.211309621983342,0.211309621983342,0.1188951192178233,0.5977038261801076,0.1248178727537639,1802,25666,17275,257,0.0395130275158031,770320,17.118222222222222,0.0208673045734114,0.6104,0.2703057861567828,,3.5554111999999805,1496.546875,0.1127204895019531,9.57319000017378,0.0146738333332905,sigmoid,3.5554111999999805
300000,WithoutSequenceFeatures,SUCCESS,0.3064888888888888,0.5938470824335714,0.0569656807611636,0.9101505585235552,0.1072205057786932,0.7695539965104994,0.2073637281005157,0.2073637281005157,0.0884484766601912,0.7224563936564122,0.0898494414764448,1874,31023,11918,185,0.039633687306348,805460,17.89911111111111,0.0182440623329574,0.7310444444444445,0.2658367268272528,,3.9315959000005023,1499.55859375,0.1127586364746093,11.07308500008912,0.0215709666667862,sigmoid,3.9315959000005023
