dataset_size,model,operating_point,validation_review_volume,validation_f1,accuracy,balanced_accuracy,precision,recall,f1,roc_auc,pr_auc,average_precision,mcc,false_positive_rate,false_negative_rate,true_positive,false_positive,true_negative,false_negative,brier_score,expected_business_cost,cost_per_transaction,threshold,review_volume,selection_scope
500000,FullHybrid,minimum_simulated_cost,0.6451333333333333,0.125492457000096,0.37496,0.6209008324665461,0.06549138641526123,0.8933369893062791,0.122036183840881,0.7782013043504443,0.23175980757288353,0.23175980757288353,0.11005083703359429,0.6515353243731868,0.10666301069372086,3258,46489,24864,389,0.040876455408424696,1318780,17.583733333333335,0.019873532068654,0.6632933333333333,threshold validation block only; test review rate may shift
500000,FullHybrid,maximum_validation_f1,0.0491333333333333,0.3544648943421949,0.9342,0.6606138603663789,0.3347022587268994,0.35755415409925967,0.34575102744266206,0.7782013043504443,0.23175980757288353,0.23175980757288353,0.3113368492712016,0.03632643336650176,0.6424458459007404,1304,2592,68761,2343,0.040876455408424696,2394840,31.9312,0.235,0.05194666666666667,threshold validation block only; test review rate may shift
500000,FullHybrid,validation_review_budget_5pct,0.0491333333333333,0.3544648943421949,0.9342,0.6606138603663789,0.3347022587268994,0.35755415409925967,0.34575102744266206,0.7782013043504443,0.23175980757288353,0.23175980757288353,0.3113368492712016,0.03632643336650176,0.6424458459007404,1304,2592,68761,2343,0.040876455408424696,2394840,31.9312,0.235,0.05194666666666667,threshold validation block only; test review rate may shift
500000,HistGradientBoosting,minimum_simulated_cost,0.7216,0.1163233512203566,0.29286666666666666,0.5919361667369605,0.05999429813620327,0.9232245681381958,0.11266710167478124,0.7766453356787758,0.21680201645865838,0.21680201645865838,0.09112673863548355,0.7393522346642748,0.07677543186180422,3367,52755,18598,280,0.04116407875847068,1335100,17.801333333333332,0.015,0.7482933333333334,threshold validation block only; test review rate may shift
500000,HistGradientBoosting,maximum_validation_f1,0.0409333333333333,0.3482142857142857,0.93876,0.637512447862737,0.3504111321948134,0.3038113517959967,0.3254516081656631,0.7766453356787758,0.21680201645865838,0.21680201645865838,0.2943662124169519,0.028786456070522614,0.6961886482040033,1108,2054,69299,2539,0.04116407875847068,2580080,34.401066666666665,0.255,0.04216,threshold validation block only; test review rate may shift
500000,HistGradientBoosting,validation_review_budget_5pct,0.0409333333333333,0.3482142857142857,0.93876,0.637512447862737,0.3504111321948134,0.3038113517959967,0.3254516081656631,0.7766453356787758,0.21680201645865838,0.21680201645865838,0.2943662124169519,0.028786456070522614,0.6961886482040033,1108,2054,69299,2539,0.04116407875847068,2580080,34.401066666666665,0.255,0.04216,threshold validation block only; test review rate may shift
500000,Hybrid_AddAnomaly,minimum_simulated_cost,0.65,0.1255725190839694,0.37076,0.6183032223908634,0.0650271695700815,0.8925143953934741,0.12122227808502319,0.7783265059115846,0.2391828706082752,0.2391828706082752,0.10801633820632792,0.6559079506117472,0.10748560460652591,3255,46801,24552,392,0.04093789980675625,1328020,17.706933333333332,0.0191892285485541,0.6674133333333333,threshold validation block only; test review rate may shift
500000,Hybrid_AddAnomaly,maximum_validation_f1,0.0434666666666666,0.3560057887120116,0.9371066666666666,0.6473110374192402,0.34492753623188405,0.32629558541266795,0.33535296604198955,0.7783265059115846,0.2391828706082752,0.2391828706082752,0.3024996785481777,0.03167351057418749,0.6737044145873321,1190,2260,69093,2457,0.04093789980675625,2502200,33.36266666666667,0.225,0.046,threshold validation block only; test review rate may shift
500000,Hybrid_AddAnomaly,validation_review_budget_5pct,0.05,0.35,0.9337333333333333,0.6588075020223604,0.33068850780650116,0.35426377844803947,0.3420704262642309,0.7783265059115846,0.2391828706082752,0.2391828706082752,0.30742549745560277,0.036648774403318714,0.6457362215519605,1292,2615,68738,2355,0.04093789980675625,2407300,32.09733333333333,0.2061306428663776,0.05209333333333333,threshold validation block only; test review rate may shift
500000,Hybrid_AddDeviceRecipient,minimum_simulated_cost,0.633,0.1275305623471882,0.38694666666666666,0.6239482082215729,0.0662527152752162,0.8864820400329038,0.12329106683191915,0.7784043867740283,0.23244268258004636,0.23244268258004636,0.11183455568105347,0.638585623589758,0.11351795996709624,3233,45565,25788,414,0.04091639421526777,1325300,17.670666666666666,0.02,0.65064,threshold validation block only; test review rate may shift
500000,Hybrid_AddDeviceRecipient,maximum_validation_f1,0.0470666666666666,0.3537604456824512,0.93536,0.6545888352179869,0.338009171837065,0.3435700575815739,0.34076692956214305,0.7784043867740283,0.23244268258004636,0.23244268258004636,0.30679436810147687,0.03439238714560004,0.6564299424184261,1253,2454,68899,2394,0.04091639421526777,2443080,32.5744,0.245,0.04942666666666667,threshold validation block only; test review rate may shift
500000,Hybrid_AddDeviceRecipient,validation_review_budget_5pct,0.0470666666666666,0.3537604456824512,0.93536,0.6545888352179869,0.338009171837065,0.3435700575815739,0.34076692956214305,0.7784043867740283,0.23244268258004636,0.23244268258004636,0.30679436810147687,0.03439238714560004,0.6564299424184261,1253,2454,68899,2394,0.04091639421526777,2443080,32.5744,0.245,0.04942666666666667,threshold validation block only; test review rate may shift
500000,Hybrid_RulesSupervised,minimum_simulated_cost,0.625,0.1284512617516081,0.3965066666666667,0.6272813335165035,0.06700655498907501,0.8829174664107485,0.12455997833739507,0.7783895591862486,0.23878385519042195,0.23878385519042195,0.11411962294221956,0.6283547993777416,0.11708253358925144,3220,44835,26518,427,0.0409506290160351,1323700,17.649333333333335,0.0197907857852026,0.6407333333333334,threshold validation block only; test review rate may shift
500000,Hybrid_RulesSupervised,maximum_validation_f1,0.0435333333333333,0.3557483731019523,0.9371866666666666,0.647483173473927,0.3456181079512478,0.326569783383603,0.3358240518821373,0.7783895591862486,0.23878385519042195,0.23878385519042195,0.303020405611468,0.031603436435749026,0.673430216616397,1191,2255,69098,2456,0.0409506290160351,2501100,33.348,0.225,0.04594666666666666,threshold validation block only; test review rate may shift
500000,Hybrid_RulesSupervised,validation_review_budget_5pct,0.05,0.3472972972972973,0.93336,0.6586112944347327,0.3283354510800508,0.35426377844803947,0.34080717488789236,0.7783895591862486,0.23878385519042195,0.23878385519042195,0.3060115770051544,0.03704118957857413,0.6457362215519605,1292,2643,68710,2355,0.0409506290160351,2407860,32.1048,0.2058637503282973,0.05246666666666667,threshold validation block only; test review rate may shift
500000,Hybrid_WithoutAnomaly,minimum_simulated_cost,0.5616666666666666,0.1371927908246859,0.45888,0.646142217314287,0.07212195630516878,0.853578283520702,0.13300576799829097,0.7780146731134056,0.22745485307899044,0.22745485307899044,0.1271914178371466,0.5612938488921279,0.14642171647929805,3113,40050,31303,534,0.040889472995012624,1335000,17.8,0.025,0.5755066666666667,threshold validation block only; test review rate may shift
500000,Hybrid_WithoutAnomaly,maximum_validation_f1,0.0422666666666666,0.3548387096774193,0.9384133333333333,0.6456561156867113,0.353437876960193,0.3213600219358377,0.336636507252621,0.7780146731134056,0.22745485307899044,0.22745485307899044,0.30479956559203114,0.030047790562415036,0.6786399780641623,1172,2144,69209,2475,0.040889472995012624,2517880,33.571733333333334,0.255,0.044213333333333334,threshold validation block only; test review rate may shift
500000,Hybrid_WithoutAnomaly,validation_review_budget_5pct,0.0497333333333333,0.3536585365853658,0.9339066666666667,0.660980063548309,0.33316352521650533,0.35865094598299974,0.3454377393371187,0.7780146731134056,0.22745485307899044,0.22745485307899044,0.31091778419200267,0.036690818886381794,0.6413490540170003,1308,2618,68735,2339,0.040889472995012624,2391360,31.8848,0.205,0.052346666666666666,threshold validation block only; test review rate may shift
500000,Hybrid_WithoutGraph,minimum_simulated_cost,0.6608,0.1238489005825972,0.3598266666666667,0.6158094323295006,0.0644071790441032,0.8993693446668495,0.12020596265552562,0.7775905795087441,0.22826185105323188,0.22826185105323188,0.10670972923810969,0.6677504800078483,0.10063065533315053,3280,47646,23707,367,0.04091966393805367,1319920,17.598933333333335,0.02,0.6790133333333334,threshold validation block only; test review rate may shift
500000,Hybrid_WithoutGraph,maximum_validation_f1,0.0409333333333333,0.3526785714285714,0.9394133333333333,0.64227892457629,0.35900660169757936,0.3131340828077872,0.3345049794961921,0.7775905795087441,0.22826185105323188,0.22826185105323188,0.3036987878539774,0.02857623365520721,0.6868659171922128,1142,2039,69314,2505,0.04091966393805367,2545780,33.943733333333334,0.285,0.04241333333333333,threshold validation block only; test review rate may shift
500000,Hybrid_WithoutGraph,validation_review_budget_5pct,0.0493333333333333,0.3510204081632653,0.9340666666666667,0.658852595796833,0.3327319587628866,0.3539895804771045,0.34303175235817723,0.7775905795087441,0.22826185105323188,0.22826185105323188,0.30852231063722013,0.03628438888343868,0.6460104195228955,1291,2589,68764,2356,0.04091966393805367,2407780,32.10373333333333,0.205,0.05173333333333333,threshold validation block only; test review rate may shift
500000,Hybrid_WithoutSequence,minimum_simulated_cost,0.6,0.1317574511819116,0.4207066666666667,0.6349262183497626,0.0689094926562974,0.872223745544283,0.12772792065690938,0.7790847476707132,0.24213326950866076,0.24213326950866076,0.11930962133129779,0.6023713088447578,0.12777625445571703,3181,42981,28372,466,0.04088505167855539,1325620,17.674933333333332,0.0205323799728034,0.6154933333333333,threshold validation block only; test review rate may shift
500000,Hybrid_WithoutSequence,maximum_validation_f1,0.0464666666666666,0.3531885073580939,0.9358666666666666,0.6540745675143111,0.3409898824172819,0.3419248697559638,0.3414567360350493,0.7790847476707132,0.24213326950866076,0.24213326950866076,0.30774909852065946,0.03377573472734153,0.6580751302440362,1247,2410,68943,2400,0.04088505167855539,2448200,32.64266666666666,0.215,0.04876,threshold validation block only; test review rate may shift
500000,Hybrid_WithoutSequence,validation_review_budget_5pct,0.0496666666666666,0.3511864406779661,0.9337866666666667,0.661047088395338,0.33248666497332996,0.35892514395393477,0.34520042194092826,0.7790847476707132,0.24213326950866076,0.24213326950866076,0.31063643780851746,0.036830967163258725,0.6410748560460653,1309,2628,68725,2338,0.04088505167855539,2390560,31.874133333333333,0.205,0.052493333333333336,threshold validation block only; test review rate may shift
500000,IsolationForest,minimum_simulated_cost,0.9989333333333332,0.0929107801960035,0.05089333333333333,0.5010611687818303,0.04872507617469397,0.999725802029065,0.0929213125199108,0.5896310580663441,0.07068470511126117,0.07068470511126117,0.009543159203116592,0.9976034644654044,0.00027419797093501506,3646,71182,171,1,0.045956533210375246,1424640,18.9952,0.005,0.9977066666666666,threshold validation block only; test review rate may shift
500000,IsolationForest,maximum_validation_f1,0.1222,0.1342177136168552,0.8536266666666666,0.5532222726961824,0.08994294663832643,0.22045516863175213,0.12776100429048148,0.5896310580663441,0.07068470511126117,0.07068470511126117,0.07066109635282793,0.11401062323938727,0.7795448313682479,804,8135,63218,2843,0.045956533210375246,3005700,40.076,0.065,0.11918666666666666,threshold validation block only; test review rate may shift
500000,IsolationForest,validation_review_budget_5pct,0.0446,0.1072194424588992,0.9163466666666666,0.5325874199086895,0.1149223101729698,0.10748560460652591,0.11107962595636157,0.5896310580663441,0.07068470511126117,0.07068470511126117,0.06728061694839424,0.042310764789146915,0.8925143953934741,392,3019,68334,3255,0.045956533210375246,3315380,44.20506666666667,0.085,0.04548,threshold validation block only; test review rate may shift
500000,LightGBM,minimum_simulated_cost,0.6854,0.1202433929706656,0.33554666666666666,0.607862319869931,0.06279699361996176,0.909514669591445,0.11748246794644755,0.7808781960027721,0.2304554808015027,0.2304554808015027,0.10167155430107189,0.693790029851583,0.09048533040855497,3317,49504,21849,330,0.040844418510708615,1320080,17.601066666666668,0.0212947189097103,0.70428,threshold validation block only; test review rate may shift
500000,LightGBM,maximum_validation_f1,0.0515333333333333,0.3579507651363939,0.9332266666666666,0.6654360735923482,0.33201678597877066,0.36879627090759526,0.34944141335411794,0.7808781960027721,0.2304554808015027,0.2304554808015027,0.3148327836707411,0.03792412372289883,0.6312037290924047,1345,2706,68647,2302,0.040844418510708615,2356120,31.414933333333334,0.215,0.05401333333333333,threshold validation block only; test review rate may shift
500000,LightGBM,validation_review_budget_5pct,0.0422,0.3506969919295671,0.93856,0.6487253033863378,0.3566099671739779,0.327666575267343,0.34152615032866535,0.7808781960027721,0.2304554808015027,0.2304554808015027,0.30966817811007097,0.03021596849466736,0.672333424732657,1195,2156,69197,2452,0.040844418510708615,2495120,33.26826666666667,0.265,0.04468,threshold validation block only; test review rate may shift
500000,LogisticRegression,minimum_simulated_cost,0.6614666666666666,0.1220428088621855,0.39068,0.6170640572274411,0.065416890579141,0.8678365780093227,0.12166291875684715,0.7629966996445002,0.21967088590957282,0.21967088590957282,0.1052441461585896,0.6337084635544405,0.13216342199067727,3165,45217,26136,482,0.04150706503490966,1386340,18.484533333333335,0.0222057737410068,0.6450933333333333,threshold validation block only; test review rate may shift
500000,LogisticRegression,maximum_validation_f1,0.0499333333333333,0.3448275862068966,0.9342933333333333,0.6477838466725434,0.32646979138444865,0.3304085549766932,0.3284273644044699,0.7629966996445002,0.21967088590957282,0.21967088590957282,0.29389132510611066,0.03484086163160624,0.6695914450233068,1205,2486,68867,2442,0.04150706503490966,2491720,33.22293333333333,0.2513966560363769,0.04921333333333333,threshold validation block only; test review rate may shift
500000,LogisticRegression,validation_review_budget_5pct,0.0499333333333333,0.3448275862068966,0.9342933333333333,0.6477838466725434,0.32646979138444865,0.3304085549766932,0.3284273644044699,0.7629966996445002,0.21967088590957282,0.21967088590957282,0.29389132510611066,0.03484086163160624,0.6695914450233068,1205,2486,68867,2442,0.04150706503490966,2491720,33.22293333333333,0.2513966560363769,0.04921333333333333,threshold validation block only; test review rate may shift
500000,RandomForest,minimum_simulated_cost,0.4125333333333333,0.1705695287655391,0.6062,0.6863609433905833,0.08962652970642318,0.7751576638332877,0.16067521100343857,0.7747104190552222,0.22666331491094746,0.22666331491094746,0.16239752825306952,0.40243577705212114,0.22484233616671237,2827,28715,42638,820,0.041461057036058215,1394300,18.590666666666667,0.0294604712249883,0.42056,threshold validation block only; test review rate may shift
500000,RandomForest,maximum_validation_f1,0.0527333333333333,0.3261012491781722,0.9314133333333333,0.6530350070067029,0.31338818249813016,0.34466684946531395,0.3282841472969444,0.7747104190552222,0.22666331491094746,0.22666331491094746,0.2925990580032631,0.03859683545190812,0.655333150534686,1257,2754,68599,2390,0.041461057036058215,2445080,32.60106666666667,0.155,0.05348,threshold validation block only; test review rate may shift
500000,RandomForest,validation_review_budget_5pct,0.05,0.3256756756756757,0.9333333333333333,0.6483200454487758,0.32098438740407514,0.33260213874417327,0.32669000807971993,0.7747104190552222,0.22666331491094746,0.22666331491094746,0.29168316674902733,0.03596204784662173,0.6673978612558267,1213,2566,68787,2434,0.041461057036058215,2485320,33.1376,0.1622378409702074,0.05038666666666667,threshold validation block only; test review rate may shift
500000,RulesOnly,minimum_simulated_cost,1.0,0.0928162746344564,0.048626666666666665,0.5,0.048626666666666665,1.0,0.09274352486426692,0.6173692073315296,0.09243059648451771,0.09243059648451771,0.0,1.0,0.0,3647,71353,0,0,0.04541610241258254,1427060,19.027466666666665,0.005,1.0,threshold validation block only; test review rate may shift
500000,RulesOnly,maximum_validation_f1,0.0690666666666666,0.189127972819932,0.90028,0.5789120378804152,0.14895566141443753,0.22292295037016727,0.1785831960461285,0.6173692073315296,0.09243059648451771,0.09243059648451771,0.13067933059624892,0.06509887460933668,0.7770770496298327,813,4645,66708,2834,0.04541610241258254,2926900,39.025333333333336,0.065,0.07277333333333333,threshold validation block only; test review rate may shift
500000,RulesOnly,validation_review_budget_5pct,0.0447333333333333,0.1855817273376159,0.9180933333333333,0.5614750790213204,0.16361185983827492,0.16643816835755415,0.1650129128720946,0.6173692073315296,0.09243059648451771,0.09243059648451771,0.12195562313502042,0.04348801031491318,0.8335618316424458,607,3103,68250,3040,0.04541610241258254,3102060,41.3608,0.1136890947818756,0.049466666666666666,threshold validation block only; test review rate may shift
500000,WithoutGraphFeatures,minimum_simulated_cost,0.6642666666666667,0.1239947634187395,0.36752,0.6167305123984324,0.06473032345281406,0.8927885933644091,0.12070883072588419,0.7781214482696206,0.23192613025172318,0.23192613025172318,0.10684652286987835,0.6593275685675445,0.1072114066355909,3256,47045,24308,391,0.040969204155661264,1331900,17.758666666666667,0.0195068102329969,0.67068,threshold validation block only; test review rate may shift
500000,WithoutGraphFeatures,maximum_validation_f1,0.0459333333333333,0.346723044397463,0.9369066666666667,0.6518892227900344,0.34662143059089623,0.3361667123663285,0.3413140311804009,0.7781214482696206,0.23192613025172318,0.23192613025172318,0.30822850803381513,0.03238826678625986,0.6638332876336716,1226,2311,69042,2421,0.040969204155661264,2467220,32.89626666666667,0.255,0.04716,threshold validation block only; test review rate may shift
500000,WithoutGraphFeatures,validation_review_budget_5pct,0.0459333333333333,0.346723044397463,0.9369066666666667,0.6518892227900344,0.34662143059089623,0.3361667123663285,0.3413140311804009,0.7781214482696206,0.23192613025172318,0.23192613025172318,0.30822850803381513,0.03238826678625986,0.6638332876336716,1226,2311,69042,2421,0.040969204155661264,2467220,32.89626666666667,0.255,0.04716,threshold validation block only; test review rate may shift
500000,WithoutSequenceFeatures,minimum_simulated_cost,0.6929333333333333,0.1197411003236245,0.32409333333333334,0.6036642333807979,0.06202055559693156,0.9133534411845352,0.1161537790951094,0.7753629251456293,0.22820869748610242,0.22820869748610242,0.0989020326882256,0.7060249744229394,0.08664655881546476,3331,50377,20976,316,0.04099980325252451,1323540,17.6472,0.0236775800585746,0.7161066666666667,threshold validation block only; test review rate may shift
500000,WithoutSequenceFeatures,maximum_validation_f1,0.0558,0.3509891512444161,0.93064,0.6649872763080076,0.3174454097205917,0.37071565670414036,0.34201871995952443,0.7753629251456293,0.22820869748610242,0.22820869748610242,0.3066655785966953,0.040741104088125236,0.6292843432958596,1352,2907,68446,2295,0.04099980325252451,2353140,31.3752,0.2022471874952316,0.056786666666666666,threshold validation block only; test review rate may shift
500000,WithoutSequenceFeatures,validation_review_budget_5pct,0.0457333333333333,0.3432203389830508,0.9364266666666666,0.6509864980335375,0.3426887454392366,0.3347957225116534,0.3386962552011096,0.7753629251456293,0.22820869748610242,0.22820869748610242,0.305332190295127,0.032822726444578364,0.6652042774883465,1221,2342,69011,2426,0.04099980325252451,2472840,32.9712,0.205,0.04750666666666667,threshold validation block only; test review rate may shift
500000,XGBoost,minimum_simulated_cost,0.5176,0.144101718860372,0.5024,0.6592575482288284,0.07642959571309971,0.8330134357005758,0.14001290441515346,0.7778157294256095,0.23371336982420238,0.23371336982420238,0.1372635406642206,0.514498339242919,0.16698656429942418,3038,36711,34642,609,0.04096734724574281,1343220,17.9096,0.023726450279355,0.5299866666666667,threshold validation block only; test review rate may shift
500000,XGBoost,maximum_validation_f1,0.0424666666666666,0.359912216532553,0.93776,0.6453127524083628,0.34829123328380385,0.3213600219358377,0.3342840844266971,0.7778157294256095,0.23371336982420238,0.23371336982420238,0.3019621842082729,0.03073451711911202,0.6786399780641623,1172,2193,69160,2475,0.04096734724574281,2518860,33.5848,0.225,0.044866666666666666,threshold validation block only; test review rate may shift
500000,XGBoost,validation_review_budget_5pct,0.0424666666666666,0.359912216532553,0.93776,0.6453127524083628,0.34829123328380385,0.3213600219358377,0.3342840844266971,0.7778157294256095,0.23371336982420238,0.23371336982420238,0.3019621842082729,0.03073451711911202,0.6786399780641623,1172,2193,69160,2475,0.04096734724574281,2518860,33.5848,0.225,0.044866666666666666,threshold validation block only; test review rate may shift
