dimension,value,rows,tp,fp,fn,tn,recall,false_positive_rate
channel,AGENT,23619,1102,17307,80,5130,0.9323181049069373,0.7713598074608905
channel,API,2897,186,2018,12,681,0.9393939393939394,0.7476843275287144
channel,APP,30336,1131,16690,193,12322,0.8542296072507553,0.5752791948159383
channel,USSD,14852,594,8620,86,5552,0.8735294117647059,0.6082416031611628
channel,WEB,3296,242,2166,21,867,0.9201520912547528,0.7141444114737884
customer_segment,MERCHANT,18433,743,11573,80,6037,0.9027946537059538,0.657183418512209
customer_segment,REGULAR,18761,779,11615,97,6270,0.889269406392694,0.6494268940452893
customer_segment,SALARIED,18432,872,11503,112,5945,0.8861788617886179,0.6592732691425951
customer_segment,STUDENT,19374,861,12110,103,6300,0.8931535269709544,0.6577946768060836
account_age_group,"(0.0, 90.0]",2015,92,1287,9,627,0.9108910891089109,0.6724137931034483
account_age_group,"(1000.0, inf]",45149,1894,28163,260,14832,0.8792943361188487,0.6550296546110013
account_age_group,"(365.0, 1000.0]",19609,903,12262,79,6365,0.9195519348268839,0.6582917270628658
account_age_group,"(90.0, 365.0]",8227,366,5089,44,2728,0.8926829268292683,0.6510170141998209
region,"(0, 23]",18111,799,11361,92,5859,0.8967452300785634,0.6597560975609756
region,"(23, 24]",22655,991,14064,117,7483,0.894404332129964,0.6527126746182763
region,"(24, 25]",23065,1016,14310,121,7618,0.8935795954265612,0.6525902955125866
region,"(25, 90]",11169,449,7066,62,3592,0.8786692759295499,0.662976168136611
rooted_device,0,72101,3050,44984,377,23690,0.8899912459877444,0.6550368407257477
rooted_device,1,2899,205,1817,15,862,0.9318181818181818,0.6782381485628965
