model,feature,importance
LightGBM,amount,8.0
LightGBM,account_age_days,68.0
LightGBM,failed_pin_attempts,26.0
LightGBM,otp_resend_count,64.0
LightGBM,balance_inquiry_count_5m,58.0
LightGBM,pin_reset_recently,5.0
LightGBM,password_reset_recently,9.0
LightGBM,biometric_failed_recently,8.0
LightGBM,rooted_device,6.0
LightGBM,emulator_detected,6.0
LightGBM,vpn_active,29.0
LightGBM,screen_share_detected,31.0
LightGBM,sim_changed_recently,2.0
LightGBM,device_os_changed,17.0
LightGBM,device_fingerprint_changed,21.0
LightGBM,blacklisted_device,0.0
LightGBM,blacklisted_agent,0.0
LightGBM,latitude,33.0
LightGBM,longitude,17.0
LightGBM,fee,46.0
LightGBM,balance_before,56.0
LightGBM,depletion_ratio,37.0
LightGBM,behavioral_history_count,28.0
LightGBM,user_mean_amount,43.0
LightGBM,user_median_amount,39.0
LightGBM,user_std_amount,34.0
LightGBM,amount_vs_user_mean,18.0
LightGBM,amount_vs_user_median,11.0
LightGBM,amount_zscore_user,9.0
LightGBM,amount_percentile_user,2.0
LightGBM,time_since_previous_tx_seconds,18.0
LightGBM,behavioral_model_active,0.0
LightGBM,tx_count_5m,0.0
LightGBM,amount_sum_5m,1.0
LightGBM,tx_count_15m,0.0
LightGBM,amount_sum_15m,0.0
LightGBM,tx_count_1h,0.0
LightGBM,amount_sum_1h,6.0
LightGBM,avg_amount_1h,4.0
LightGBM,tx_count_6h,0.0
LightGBM,amount_sum_6h,8.0
LightGBM,tx_count_24h,7.0
LightGBM,amount_sum_24h,7.0
LightGBM,avg_amount_24h,12.0
LightGBM,max_amount_24h,16.0
LightGBM,user_max_amount_30d,34.0
LightGBM,user_mean_daily_tx_count,22.0
LightGBM,user_mean_hourly_tx_count,0.0
LightGBM,device_is_new,9.0
LightGBM,device_age_days,78.0
LightGBM,device_first_seen,0.0
LightGBM,shared_device_user_count,44.0
LightGBM,user_device_count,22.0
LightGBM,device_transaction_count_24h,51.0
LightGBM,device_transaction_count_7d,26.0
LightGBM,channel_changed_recently,26.0
LightGBM,preferred_channel_mismatch,32.0
LightGBM,first_time_recipient,1.0
LightGBM,recipient_frequency_user,33.0
LightGBM,user_receiver_tx_count_7d,3.0
LightGBM,user_receiver_tx_count_30d,8.0
LightGBM,time_since_last_recipient_tx,36.0
LightGBM,receiver_transaction_count_24h,0.0
LightGBM,receiver_unique_senders_24h,0.0
LightGBM,receiver_transaction_count_7d,9.0
LightGBM,receiver_unique_senders_7d,29.0
LightGBM,recent_inflow_amount_1h,6.0
LightGBM,recent_outflow_amount_1h,1.0
LightGBM,receiver_inflow_1h,1.0
LightGBM,receiver_outflow_1h,0.0
LightGBM,recent_inflow_amount_24h,33.0
LightGBM,recent_outflow_amount_24h,75.0
LightGBM,receiver_inflow_24h,1.0
LightGBM,receiver_outflow_24h,2.0
LightGBM,turnaround_latency_seconds,30.0
LightGBM,rapid_fund_turnaround,0.0
LightGBM,receiver_turnaround_ratio,0.0
LightGBM,receiver_sender_diversity,2.0
LightGBM,sender_in_degree,22.0
LightGBM,sender_out_degree,43.0
LightGBM,receiver_in_degree,14.0
LightGBM,receiver_out_degree,4.0
LightGBM,unique_sender_count,0.0
LightGBM,unique_receiver_count,0.0
LightGBM,connected_component_size,15.0
LightGBM,reciprocal_transfer_ratio,0.0
LightGBM,shared_recipient_count,0.0
LightGBM,fund_concentration,3.0
LightGBM,rapid_forwarding_ratio,0.0
LightGBM,shared_device_count,0.0
LightGBM,mule_network_score,2.0
LightGBM,recipient_risk_score,0.0
LightGBM,device_risk_score,78.0
LightGBM,previous_latitude,32.0
LightGBM,previous_longitude,34.0
LightGBM,distance_from_previous_tx_km,16.0
LightGBM,time_since_previous_location_seconds,0.0
LightGBM,distance_from_home_km,5.0
LightGBM,impossible_travel_speed,35.0
LightGBM,impossible_travel,0.0
LightGBM,transaction_hour,13.0
LightGBM,day_of_week,5.0
LightGBM,weekend_flag,3.0
LightGBM,is_night_transaction,3.0
LightGBM,unusual_hour_score,0.0
LightGBM,unusual_channel_score,14.0
LightGBM,unusual_location_score,9.0
LightGBM,unusual_transaction_type_score,1.0
LightGBM,user_behavior_score,5.0
LightGBM,pin_reset_then_transfer,0.0
LightGBM,new_device_then_transfer,0.0
LightGBM,failed_pin_then_success,15.0
LightGBM,balance_inquiry_then_cashout,3.0
LightGBM,incoming_then_rapid_outgoing,0.0
LightGBM,new_recipient_then_large_transfer,3.0
LightGBM,multiple_otp_then_transfer,23.0
LightGBM,device_change_then_high_value,0.0
LightGBM,sim_change_then_transfer,0.0
LightGBM,credential_change_then_cashout,0.0
LightGBM,channel_hop_sequence,1.0
LightGBM,sequence_risk_score,19.0
LightGBM,agent_transaction_count_1h,0.0
LightGBM,agent_cashout_amount_1h,0.0
LightGBM,agent_transaction_count_24h,0.0
LightGBM,agent_cashout_amount_24h,3.0
LightGBM,agent_risk_score,0.0
LightGBM,transaction_type_BANK_TRANSFER,0.0
LightGBM,transaction_type_BILL_PAYMENT,1.0
LightGBM,transaction_type_CASH_IN,0.0
LightGBM,transaction_type_CASH_OUT,6.0
LightGBM,transaction_type_MERCHANT_PAYMENT,1.0
LightGBM,transaction_type_MOBILE_RECHARGE,0.0
LightGBM,transaction_type_REMITTANCE,0.0
LightGBM,transaction_type_SEND_MONEY,94.0
LightGBM,channel_AGENT,0.0
LightGBM,channel_API,4.0
LightGBM,channel_APP,0.0
LightGBM,channel_USSD,0.0
LightGBM,channel_WEB,0.0
LightGBM,currency_BDT,0.0
LightGBM,customer_segment_MERCHANT,1.0
LightGBM,customer_segment_REGULAR,3.0
LightGBM,customer_segment_SALARIED,1.0
LightGBM,customer_segment_STUDENT,2.0
RandomForest,amount,0.010714645397510726
RandomForest,account_age_days,0.01185117665922936
RandomForest,failed_pin_attempts,0.015347154827943715
RandomForest,otp_resend_count,0.03295946621903781
RandomForest,balance_inquiry_count_5m,0.02223444628778445
RandomForest,pin_reset_recently,0.00240987325947093
RandomForest,password_reset_recently,0.003583304058026425
RandomForest,biometric_failed_recently,0.0006199418539389752
RandomForest,rooted_device,0.0018854021904122355
RandomForest,emulator_detected,0.0011767489287522173
RandomForest,vpn_active,0.007685198655586185
RandomForest,screen_share_detected,0.008211936677610348
RandomForest,sim_changed_recently,0.00021123291311449577
RandomForest,device_os_changed,0.0012320177730622626
RandomForest,device_fingerprint_changed,0.005842312563347472
RandomForest,blacklisted_device,9.991741883777337e-06
RandomForest,blacklisted_agent,0.0
RandomForest,latitude,0.012154738529225708
RandomForest,longitude,0.010091455658297192
RandomForest,fee,0.018885416961761457
RandomForest,balance_before,0.01172922889153601
RandomForest,depletion_ratio,0.014531147390728189
RandomForest,behavioral_history_count,0.011790591871271332
RandomForest,user_mean_amount,0.010380321935065221
RandomForest,user_median_amount,0.01082690614020577
RandomForest,user_std_amount,0.010874643476886341
RandomForest,amount_vs_user_mean,0.012514012083359555
RandomForest,amount_vs_user_median,0.011891173057137959
RandomForest,amount_zscore_user,0.011917543998097118
RandomForest,amount_percentile_user,0.01022041011044585
RandomForest,time_since_previous_tx_seconds,0.007820606262321648
RandomForest,behavioral_model_active,0.0015179677965315203
RandomForest,tx_count_5m,0.000870034311431279
RandomForest,amount_sum_5m,0.0027881502402935638
RandomForest,tx_count_15m,0.0007955392072943858
RandomForest,amount_sum_15m,0.002709307424753533
RandomForest,tx_count_1h,0.0011402844725197986
RandomForest,amount_sum_1h,0.002734229766827895
RandomForest,avg_amount_1h,0.0028587440153465303
RandomForest,tx_count_6h,0.0012039099543772781
RandomForest,amount_sum_6h,0.005029999338484706
RandomForest,tx_count_24h,0.0026917593369724267
RandomForest,amount_sum_24h,0.007407908318761626
RandomForest,avg_amount_24h,0.008898030403117435
RandomForest,max_amount_24h,0.00783627577292496
RandomForest,user_max_amount_30d,0.009729925575713571
RandomForest,user_mean_daily_tx_count,0.01050816253595762
RandomForest,user_mean_hourly_tx_count,0.01025574699031366
RandomForest,device_is_new,0.012809190632774022
RandomForest,device_age_days,0.013308715781907888
RandomForest,device_first_seen,0.0003467542745096338
RandomForest,shared_device_user_count,0.023293255815628487
RandomForest,user_device_count,0.005145078570083892
RandomForest,device_transaction_count_24h,0.006146194652362906
RandomForest,device_transaction_count_7d,0.007082187804153285
RandomForest,channel_changed_recently,0.002821413670243305
RandomForest,preferred_channel_mismatch,0.007375512106809516
RandomForest,first_time_recipient,0.044185935538307484
RandomForest,recipient_frequency_user,0.03866845774511175
RandomForest,user_receiver_tx_count_7d,0.011786814033025353
RandomForest,user_receiver_tx_count_30d,0.03245052615518525
RandomForest,time_since_last_recipient_tx,0.041742401522457145
RandomForest,receiver_transaction_count_24h,0.0017150888169343913
RandomForest,receiver_unique_senders_24h,0.0019236762269087722
RandomForest,receiver_transaction_count_7d,0.007668614627832011
RandomForest,receiver_unique_senders_7d,0.007844699310143347
RandomForest,recent_inflow_amount_1h,0.002030819452786101
RandomForest,recent_outflow_amount_1h,0.003956536016619401
RandomForest,receiver_inflow_1h,0.0003502118742340238
RandomForest,receiver_outflow_1h,0.00019316512817760002
RandomForest,recent_inflow_amount_24h,0.008176987946448088
RandomForest,recent_outflow_amount_24h,0.011566502176660432
RandomForest,receiver_inflow_24h,0.004931981492580369
RandomForest,receiver_outflow_24h,0.0037423293673485756
RandomForest,turnaround_latency_seconds,0.011511380455900812
RandomForest,rapid_fund_turnaround,0.0004753794477690643
RandomForest,receiver_turnaround_ratio,0.0001451277416029144
RandomForest,receiver_sender_diversity,0.0054418097663684875
RandomForest,sender_in_degree,0.005326922981043479
RandomForest,sender_out_degree,0.007364436283223534
RandomForest,receiver_in_degree,0.009554002931365973
RandomForest,receiver_out_degree,0.005337443241637301
RandomForest,unique_sender_count,0.011453975343567091
RandomForest,unique_receiver_count,0.0077737163687629255
RandomForest,connected_component_size,0.004909251750663897
RandomForest,reciprocal_transfer_ratio,0.00028761892526639867
RandomForest,shared_recipient_count,2.687359882270363e-05
RandomForest,fund_concentration,0.004357847567560427
RandomForest,rapid_forwarding_ratio,6.306892481099723e-05
RandomForest,shared_device_count,0.027221530330123478
RandomForest,mule_network_score,0.0018216533953561709
RandomForest,recipient_risk_score,0.0019118969430325574
RandomForest,device_risk_score,0.01684651933134515
RandomForest,previous_latitude,0.011647449074382407
RandomForest,previous_longitude,0.010968830236188564
RandomForest,distance_from_previous_tx_km,0.013728987524768773
RandomForest,time_since_previous_location_seconds,0.009725227852617745
RandomForest,distance_from_home_km,0.012026749487556972
RandomForest,impossible_travel_speed,0.011875911102124317
RandomForest,impossible_travel,9.805322270539866e-06
RandomForest,transaction_hour,0.0075175739894088114
RandomForest,day_of_week,0.0043381767599562065
RandomForest,weekend_flag,0.0013099330027996328
RandomForest,is_night_transaction,0.0006575193614707013
RandomForest,unusual_hour_score,0.0008884262869109617
RandomForest,unusual_channel_score,0.009931046162194052
RandomForest,unusual_location_score,0.011702398666186421
RandomForest,unusual_transaction_type_score,0.0020990008165031955
RandomForest,user_behavior_score,0.01149737783201343
RandomForest,pin_reset_then_transfer,0.0008595407103233601
RandomForest,new_device_then_transfer,0.00014595564115969412
RandomForest,failed_pin_then_success,0.004150029729858266
RandomForest,balance_inquiry_then_cashout,0.0013689686074148312
RandomForest,incoming_then_rapid_outgoing,0.00025246769289801076
RandomForest,new_recipient_then_large_transfer,0.004740437311890884
RandomForest,multiple_otp_then_transfer,0.009647612649311209
RandomForest,device_change_then_high_value,0.00022189704679654305
RandomForest,sim_change_then_transfer,0.0
RandomForest,credential_change_then_cashout,9.840057526798476e-05
RandomForest,channel_hop_sequence,0.0007504038397042956
RandomForest,sequence_risk_score,0.012619963238584109
RandomForest,agent_transaction_count_1h,0.00014926417450282004
RandomForest,agent_cashout_amount_1h,0.000262553733820897
RandomForest,agent_transaction_count_24h,0.0031195302777684347
RandomForest,agent_cashout_amount_24h,0.0035834058112134437
RandomForest,agent_risk_score,0.0003383177730309253
RandomForest,transaction_type_BANK_TRANSFER,0.0005755976646267418
RandomForest,transaction_type_BILL_PAYMENT,0.0004913611879601768
RandomForest,transaction_type_CASH_IN,0.004967305060517735
RandomForest,transaction_type_CASH_OUT,0.00317783628552627
RandomForest,transaction_type_MERCHANT_PAYMENT,0.0017346282565417561
RandomForest,transaction_type_MOBILE_RECHARGE,0.001208715522900432
RandomForest,transaction_type_REMITTANCE,0.0004247979808921578
RandomForest,transaction_type_SEND_MONEY,0.023912093008973696
RandomForest,channel_AGENT,0.0013192017287686577
RandomForest,channel_API,0.00039785330113311447
RandomForest,channel_APP,0.001187076699489035
RandomForest,channel_USSD,0.0008727635948112475
RandomForest,channel_WEB,0.00021196049493291661
RandomForest,currency_BDT,0.0
RandomForest,customer_segment_MERCHANT,0.0008563882572725142
RandomForest,customer_segment_REGULAR,0.0010129912438696198
RandomForest,customer_segment_SALARIED,0.0008385311805365443
RandomForest,customer_segment_STUDENT,0.0009052083382200775
XGBoost,amount,0.0028850208036601543
XGBoost,account_age_days,0.004230276681482792
XGBoost,failed_pin_attempts,0.018759502097964287
XGBoost,otp_resend_count,0.0315667986869812
XGBoost,balance_inquiry_count_5m,0.021478917449712753
XGBoost,pin_reset_recently,0.0032044444233179092
XGBoost,password_reset_recently,0.0041256556287407875
XGBoost,biometric_failed_recently,0.0031491778790950775
XGBoost,rooted_device,0.007249800022691488
XGBoost,emulator_detected,0.0038275732658803463
XGBoost,vpn_active,0.00948709063231945
XGBoost,screen_share_detected,0.015497000887989998
XGBoost,sim_changed_recently,0.0
XGBoost,device_os_changed,0.003676872467622161
XGBoost,device_fingerprint_changed,0.013607476837933064
XGBoost,blacklisted_device,0.0
XGBoost,blacklisted_agent,0.0
XGBoost,latitude,0.003645929042249918
XGBoost,longitude,0.0026112429331988096
XGBoost,fee,0.00460120290517807
XGBoost,balance_before,0.004107901826500893
XGBoost,depletion_ratio,0.003706053365021944
XGBoost,behavioral_history_count,0.015223860740661621
XGBoost,user_mean_amount,0.0030699684284627438
XGBoost,user_median_amount,0.003003885969519615
XGBoost,user_std_amount,0.0041718375869095325
XGBoost,amount_vs_user_mean,0.004661175888031721
XGBoost,amount_vs_user_median,0.0008103128056973219
XGBoost,amount_zscore_user,0.00459005031734705
XGBoost,amount_percentile_user,0.0018438708502799273
XGBoost,time_since_previous_tx_seconds,0.003265190636739135
XGBoost,behavioral_model_active,0.0
XGBoost,tx_count_5m,0.0
XGBoost,amount_sum_5m,0.0016851879190653563
XGBoost,tx_count_15m,0.0
XGBoost,amount_sum_15m,0.0
XGBoost,tx_count_1h,0.0
XGBoost,amount_sum_1h,0.009890396147966385
XGBoost,avg_amount_1h,0.0015183057403191924
XGBoost,tx_count_6h,0.0
XGBoost,amount_sum_6h,0.000727191218174994
XGBoost,tx_count_24h,0.0037997299805283546
XGBoost,amount_sum_24h,0.0039068665355443954
XGBoost,avg_amount_24h,0.0033892805222421885
XGBoost,max_amount_24h,0.0052946568466722965
XGBoost,user_max_amount_30d,0.0032223230227828026
XGBoost,user_mean_daily_tx_count,0.002739883726462722
XGBoost,user_mean_hourly_tx_count,0.004384027794003487
XGBoost,device_is_new,0.0034437316935509443
XGBoost,device_age_days,0.003680211491882801
XGBoost,device_first_seen,0.0
XGBoost,shared_device_user_count,0.03312046453356743
XGBoost,user_device_count,0.004696591291576624
XGBoost,device_transaction_count_24h,0.00702301599085331
XGBoost,device_transaction_count_7d,0.00329712126404047
XGBoost,channel_changed_recently,0.005952334497123957
XGBoost,preferred_channel_mismatch,0.020445438101887703
XGBoost,first_time_recipient,0.21747073531150818
XGBoost,recipient_frequency_user,0.1046653613448143
XGBoost,user_receiver_tx_count_7d,0.0016693174839019775
XGBoost,user_receiver_tx_count_30d,0.004010355565696955
XGBoost,time_since_last_recipient_tx,0.00728179095312953
XGBoost,receiver_transaction_count_24h,0.0
XGBoost,receiver_unique_senders_24h,0.0
XGBoost,receiver_transaction_count_7d,0.003010710934177041
XGBoost,receiver_unique_senders_7d,0.015799326822161674
XGBoost,recent_inflow_amount_1h,0.002794807543978095
XGBoost,recent_outflow_amount_1h,0.008895383216440678
XGBoost,receiver_inflow_1h,0.0
XGBoost,receiver_outflow_1h,0.0
XGBoost,recent_inflow_amount_24h,0.007084380369633436
XGBoost,recent_outflow_amount_24h,0.005636970978230238
XGBoost,receiver_inflow_24h,0.004240190610289574
XGBoost,receiver_outflow_24h,0.001536834635771811
XGBoost,turnaround_latency_seconds,0.0033142517786473036
XGBoost,rapid_fund_turnaround,0.0
XGBoost,receiver_turnaround_ratio,0.0
XGBoost,receiver_sender_diversity,0.0
XGBoost,sender_in_degree,0.0030247203540056944
XGBoost,sender_out_degree,0.008141933009028435
XGBoost,receiver_in_degree,0.005891028791666031
XGBoost,receiver_out_degree,0.0036043557338416576
XGBoost,unique_sender_count,0.011250199750065804
XGBoost,unique_receiver_count,0.01512877456843853
XGBoost,connected_component_size,0.0045720781199634075
XGBoost,reciprocal_transfer_ratio,0.0005896975635550916
XGBoost,shared_recipient_count,0.0
XGBoost,fund_concentration,0.001963502960279584
XGBoost,rapid_forwarding_ratio,0.0
XGBoost,shared_device_count,0.036888062953948975
XGBoost,mule_network_score,0.0009413901134394109
XGBoost,recipient_risk_score,0.0
XGBoost,device_risk_score,0.01356740202754736
XGBoost,previous_latitude,0.003546664258465171
XGBoost,previous_longitude,0.0028686297591775656
XGBoost,distance_from_previous_tx_km,0.0038562212139368057
XGBoost,time_since_previous_location_seconds,0.0015424898592755198
XGBoost,distance_from_home_km,0.0018505883635953069
XGBoost,impossible_travel_speed,0.007224894128739834
XGBoost,impossible_travel,0.0
XGBoost,transaction_hour,0.0029162555001676083
XGBoost,day_of_week,0.002949007786810398
XGBoost,weekend_flag,0.003899131901562214
XGBoost,is_night_transaction,0.0
XGBoost,unusual_hour_score,0.0
XGBoost,unusual_channel_score,0.01941980980336666
XGBoost,unusual_location_score,0.003010539570823312
XGBoost,unusual_transaction_type_score,0.002404342172667384
XGBoost,user_behavior_score,0.0020882473327219486
XGBoost,pin_reset_then_transfer,0.0
XGBoost,new_device_then_transfer,0.0
XGBoost,failed_pin_then_success,0.008811797946691513
XGBoost,balance_inquiry_then_cashout,0.004068591631948948
XGBoost,incoming_then_rapid_outgoing,0.0027941977605223656
XGBoost,new_recipient_then_large_transfer,0.0
XGBoost,multiple_otp_then_transfer,0.019995585083961487
XGBoost,device_change_then_high_value,0.0
XGBoost,sim_change_then_transfer,0.0
XGBoost,credential_change_then_cashout,0.0
XGBoost,channel_hop_sequence,0.003941196948289871
XGBoost,sequence_risk_score,0.022912323474884033
XGBoost,agent_transaction_count_1h,0.001623155432753265
XGBoost,agent_cashout_amount_1h,0.0
XGBoost,agent_transaction_count_24h,0.0
XGBoost,agent_cashout_amount_24h,0.0024283812381327152
XGBoost,agent_risk_score,0.0
XGBoost,transaction_type_BANK_TRANSFER,0.002172646578401327
XGBoost,transaction_type_BILL_PAYMENT,0.0
XGBoost,transaction_type_CASH_IN,0.011901546269655228
XGBoost,transaction_type_CASH_OUT,0.015233860351145267
XGBoost,transaction_type_MERCHANT_PAYMENT,0.004606656264513731
XGBoost,transaction_type_MOBILE_RECHARGE,0.0025855342391878366
XGBoost,transaction_type_REMITTANCE,0.0
XGBoost,transaction_type_SEND_MONEY,0.01576063223183155
XGBoost,channel_AGENT,0.0
XGBoost,channel_API,0.0024993789847940207
XGBoost,channel_APP,0.0
XGBoost,channel_USSD,0.0
XGBoost,channel_WEB,0.0
XGBoost,currency_BDT,0.0
XGBoost,customer_segment_MERCHANT,0.0
XGBoost,customer_segment_REGULAR,0.002608669688925147
XGBoost,customer_segment_SALARIED,0.0012305842246860266
XGBoost,customer_segment_STUDENT,0.0
