feature,mean_absolute_shap
recipient_frequency_user,0.3134861649740465
device_transaction_count_24h,0.12454489625684285
device_risk_score,0.11513994974054607
device_age_days,0.11003542646402693
preferred_channel_mismatch,0.10501115199967764
transaction_type_SEND_MONEY,0.09277885456937139
recent_outflow_amount_24h,0.08309334874220409
sender_out_degree,0.07383282510538791
time_since_last_recipient_tx,0.068654264696657
user_max_amount_30d,0.061379409279063185
otp_resend_count,0.05816518627172955
impossible_travel_speed,0.05109945114005943
shared_device_user_count,0.04682377679826502
sequence_risk_score,0.04656063504766796
balance_before,0.0457963180444598
recent_inflow_amount_24h,0.04507986733589098
unusual_channel_score,0.03942428300504328
screen_share_detected,0.03670946958990143
balance_inquiry_count_5m,0.03636395795248808
account_age_days,0.03264569282873726
device_fingerprint_changed,0.031587213322327584
vpn_active,0.02923338526324656
user_device_count,0.028512323507157
latitude,0.025053331896844975
user_median_amount,0.0243564892369686
fee,0.024352596242352448
user_mean_amount,0.024335556101226938
tx_count_24h,0.02144292341664293
receiver_unique_senders_7d,0.02090917409767202
previous_longitude,0.019768700842809076
user_receiver_tx_count_30d,0.019475628852336436
failed_pin_attempts,0.01943064988093437
channel_changed_recently,0.018909415084112466
previous_latitude,0.01772937242873936
behavioral_history_count,0.016762908832325243
turnaround_latency_seconds,0.016678864339484303
time_since_previous_tx_seconds,0.01481226063474183
multiple_otp_then_transfer,0.014533252009327492
depletion_ratio,0.014393652127234693
user_std_amount,0.013672896150597106
device_transaction_count_7d,0.012954792538134245
receiver_out_degree,0.01264062097570203
max_amount_24h,0.011989578270362254
device_os_changed,0.011931007286923725
distance_from_previous_tx_km,0.011802420798423346
transaction_type_CASH_OUT,0.010971071296279876
sender_in_degree,0.010810432687158747
longitude,0.009561329299282594
receiver_transaction_count_7d,0.008416038445382301
avg_amount_24h,0.008133145996659073
device_is_new,0.007872451556518294
amount_sum_24h,0.00766165689693686
failed_pin_then_success,0.007180244512948763
amount,0.007001323030155733
amount_sum_1h,0.006949600150678041
amount_vs_user_mean,0.006902616977874808
transaction_hour,0.00683913217627209
receiver_in_degree,0.006326804227658176
emulator_detected,0.004721373806913199
is_night_transaction,0.004502235831787044
biometric_failed_recently,0.004482715089950317
connected_component_size,0.004411805315173874
user_mean_daily_tx_count,0.004248288202143065
recent_inflow_amount_1h,0.0036739248271951052
fund_concentration,0.003338854684721718
password_reset_recently,0.0032433881560950625
unusual_location_score,0.0032253686061488878
weekend_flag,0.002962968270018564
avg_amount_1h,0.0025287951753557155
first_time_recipient,0.0023579861608530824
pin_reset_recently,0.002340570007955745
day_of_week,0.0021533600475141346
amount_vs_user_median,0.0019126378811789807
amount_zscore_user,0.00189847887194536
balance_inquiry_then_cashout,0.0018090868973663573
user_behavior_score,0.0016771461742835841
new_recipient_then_large_transfer,0.0015749683353162766
amount_sum_6h,0.001489357017641569
receiver_inflow_24h,0.0014091484353662323
channel_API,0.001331799672187735
rooted_device,0.0013163746720654586
customer_segment_STUDENT,0.0011084168757537732
sim_changed_recently,0.0010698500689487454
mule_network_score,0.001029573205657669
amount_percentile_user,0.000918525627897061
agent_cashout_amount_24h,0.0008246241040440549
distance_from_home_km,0.0007757921190619808
customer_segment_REGULAR,0.0006870186552189365
user_receiver_tx_count_7d,0.0006826115450258009
channel_hop_sequence,0.0006608419978801001
customer_segment_MERCHANT,0.0005061964155789573
amount_sum_5m,0.0003772646316222276
transaction_type_BILL_PAYMENT,0.0003121076702690437
receiver_sender_diversity,0.0002718211698873164
transaction_type_MERCHANT_PAYMENT,0.00026488872582668317
customer_segment_SALARIED,0.00018866853662663342
unusual_transaction_type_score,0.00017299959160308812
receiver_outflow_24h,0.0001496074228166137
recent_outflow_amount_1h,0.0001394797273263903
receiver_inflow_1h,0.0001014779632837118
blacklisted_device,0.0
device_first_seen,0.0
receiver_transaction_count_24h,0.0
receiver_unique_senders_24h,0.0
behavioral_model_active,0.0
blacklisted_agent,0.0
tx_count_6h,0.0
amount_sum_15m,0.0
tx_count_5m,0.0
tx_count_1h,0.0
tx_count_15m,0.0
user_mean_hourly_tx_count,0.0
receiver_turnaround_ratio,0.0
rapid_fund_turnaround,0.0
receiver_outflow_1h,0.0
time_since_previous_location_seconds,0.0
new_device_then_transfer,0.0
pin_reset_then_transfer,0.0
unusual_hour_score,0.0
shared_device_count,0.0
shared_recipient_count,0.0
reciprocal_transfer_ratio,0.0
unique_sender_count,0.0
unique_receiver_count,0.0
impossible_travel,0.0
recipient_risk_score,0.0
rapid_forwarding_ratio,0.0
incoming_then_rapid_outgoing,0.0
transaction_type_BANK_TRANSFER,0.0
agent_risk_score,0.0
agent_cashout_amount_1h,0.0
agent_transaction_count_24h,0.0
agent_transaction_count_1h,0.0
device_change_then_high_value,0.0
sim_change_then_transfer,0.0
credential_change_then_cashout,0.0
channel_AGENT,0.0
transaction_type_REMITTANCE,0.0
transaction_type_CASH_IN,0.0
transaction_type_MOBILE_RECHARGE,0.0
currency_BDT,0.0
channel_WEB,0.0
channel_USSD,0.0
channel_APP,0.0
