batch_size,mean_ms,median_ms,p50_ms,p95_ms,p99_ms,transactions_per_second,repeats,scope,model
1,8.512266666684809,8.190749999812397,8.190749999812397,10.52280999974755,11.379841999514612,117.47752263375232,12,single-process local prepared-frame preprocessing + models + calibration; excludes historical state lookup,LogisticRegression
10,11.138200000080664,10.468699999819364,10.468699999819364,15.168884999866348,16.264176999857227,897.8111364428345,12,single-process local prepared-frame preprocessing + models + calibration; excludes historical state lookup,LogisticRegression
100,8.24548333336376,8.247200000369048,8.247200000369048,8.687780000218481,8.990675999993982,12127.851813776551,12,single-process local prepared-frame preprocessing + models + calibration; excludes historical state lookup,LogisticRegression
1000,11.107775000179268,11.152649999985442,11.152649999985442,11.68063500003882,11.688687000123537,90027.03061448949,12,single-process local prepared-frame preprocessing + models + calibration; excludes historical state lookup,LogisticRegression
1,34.42499999990408,34.91310000026715,34.91310000026715,37.29829000008067,37.29925799984812,29.04865649971783,12,single-process local prepared-frame preprocessing + models + calibration; excludes historical state lookup,RandomForest
10,38.00125000005513,35.23184999994555,35.23184999994555,74.09797000050274,85.75911400078441,263.1492385115093,12,single-process local prepared-frame preprocessing + models + calibration; excludes historical state lookup,RandomForest
100,39.69568333316905,36.321449999377364,36.321449999377364,52.22985500004141,61.14949100039668,2519.1656019797415,12,single-process local prepared-frame preprocessing + models + calibration; excludes historical state lookup,RandomForest
1000,43.96320833332842,40.08284999963507,40.08284999963507,54.3702650002615,55.63029300047674,22746.292591250716,12,single-process local prepared-frame preprocessing + models + calibration; excludes historical state lookup,RandomForest
1,11.541216666576778,11.290549999557697,11.290549999557697,14.594674999761988,16.60261499961962,86.64597753337287,12,single-process local prepared-frame preprocessing + models + calibration; excludes historical state lookup,HistGradientBoosting
10,10.239791666814805,10.290149999946152,10.290149999946152,11.286080000536458,11.47105600040959,976.5823686050251,12,single-process local prepared-frame preprocessing + models + calibration; excludes historical state lookup,HistGradientBoosting
100,10.617716666729393,10.426400000142166,10.426400000142166,12.558380000200486,12.84543599981589,9418.220803852293,12,single-process local prepared-frame preprocessing + models + calibration; excludes historical state lookup,HistGradientBoosting
1000,15.410891666685226,14.95135000004666,14.95135000004666,17.187174999389754,17.71583499948065,64889.17199786487,12,single-process local prepared-frame preprocessing + models + calibration; excludes historical state lookup,HistGradientBoosting
1,10.701833333238634,10.839049999958661,10.839049999958661,12.089354999488933,12.358590999474472,93.44193362590667,12,single-process local prepared-frame preprocessing + models + calibration; excludes historical state lookup,XGBoost
10,11.414949999865106,11.153049999848008,11.153049999848008,12.95339999983298,13.54476000034083,876.044135113879,12,single-process local prepared-frame preprocessing + models + calibration; excludes historical state lookup,XGBoost
100,11.627791666645257,11.885549999988143,11.885549999988143,14.515789999813931,15.295557999916129,8600.085284194904,12,single-process local prepared-frame preprocessing + models + calibration; excludes historical state lookup,XGBoost
1000,13.67295000007592,13.358800000332849,13.358800000332849,15.70976000007249,16.414992000072743,73137.10647625037,12,single-process local prepared-frame preprocessing + models + calibration; excludes historical state lookup,XGBoost
1,8.422933333273855,8.279249999759486,8.279249999759486,9.08308499983832,9.236777000005532,118.72348508916863,12,single-process local prepared-frame preprocessing + models + calibration; excludes historical state lookup,LightGBM
10,9.173250000079255,9.225499999502063,9.225499999502063,9.899795000501399,9.996199000242996,1090.1261820961602,12,single-process local prepared-frame preprocessing + models + calibration; excludes historical state lookup,LightGBM
100,10.822316666766104,10.616100000333972,10.616100000333972,13.041825000391327,13.384365000702019,9240.165768488987,12,single-process local prepared-frame preprocessing + models + calibration; excludes historical state lookup,LightGBM
1000,14.010241666710499,13.797650000014983,13.797650000014983,15.421784999807642,16.00579699958871,71376.35622489534,12,single-process local prepared-frame preprocessing + models + calibration; excludes historical state lookup,LightGBM
1,1.4871333332848735,1.445999999759806,1.445999999759806,1.7504899999039478,1.8403380005474903,672.4346617872772,12,single-process local prepared-frame preprocessing + models + calibration; excludes historical state lookup,RulesOnly
10,1.4865333333394422,1.4995500000622997,1.4995500000622997,1.655665000089357,1.7118529997424048,6727.0607229071475,12,single-process local prepared-frame preprocessing + models + calibration; excludes historical state lookup,RulesOnly
100,1.492091666629373,1.4317999998638697,1.4317999998638697,1.7063900000266585,1.7539980003766686,67020.01105997694,12,single-process local prepared-frame preprocessing + models + calibration; excludes historical state lookup,RulesOnly
1000,2.111091666544477,2.0574000000124215,2.0574000000124215,2.286164999668472,2.3291530000551575,473688.57347480406,12,single-process local prepared-frame preprocessing + models + calibration; excludes historical state lookup,RulesOnly
1,8.530133333048676,8.495549999679497,8.495549999679497,8.882949999497214,8.964349999841943,117.23146180208643,12,single-process local prepared-frame preprocessing + models + calibration; excludes historical state lookup,IsolationForest
10,8.462483333460113,8.410700000240467,8.410700000240467,8.894595000356276,8.976919000133421,1181.6862268384796,12,single-process local prepared-frame preprocessing + models + calibration; excludes historical state lookup,IsolationForest
100,8.990441666507346,8.930449999752454,8.930449999752454,9.210929999971995,9.225625999824842,11122.924068629047,12,single-process local prepared-frame preprocessing + models + calibration; excludes historical state lookup,IsolationForest
1000,13.108166666749336,12.93625000062093,12.93625000062093,13.811399999804053,14.275160000333926,76288.31898641,12,single-process local prepared-frame preprocessing + models + calibration; excludes historical state lookup,IsolationForest
1,9.412558333224297,9.149099999831378,9.149099999831378,10.873089999813601,10.941818000110288,106.24104144674632,12,single-process local prepared-frame preprocessing + models + calibration; excludes historical state lookup,Hybrid_RulesSupervised
10,9.301000000050408,8.99390000040512,8.99390000040512,10.61327499996878,10.721295000121245,1075.153209326503,12,single-process local prepared-frame preprocessing + models + calibration; excludes historical state lookup,Hybrid_RulesSupervised
100,9.775699999863718,9.81149999961417,9.81149999961417,10.594279999895662,10.93501599967567,10229.446484793323,12,single-process local prepared-frame preprocessing + models + calibration; excludes historical state lookup,Hybrid_RulesSupervised
1000,31.08742499997182,28.849199999513075,28.849199999513075,48.39563500004259,57.10336699997244,32167.347408185353,12,single-process local prepared-frame preprocessing + models + calibration; excludes historical state lookup,Hybrid_RulesSupervised
1,28.073841666582666,27.203849999750673,27.203849999750673,38.6179399994944,44.62534799935384,35.62034764876291,12,single-process local prepared-frame preprocessing + models + calibration; excludes historical state lookup,Hybrid_AddAnomaly
10,24.88219166669599,23.739800000385003,23.739800000385003,31.781434999629706,33.7158069999532,401.8938578222061,12,single-process local prepared-frame preprocessing + models + calibration; excludes historical state lookup,Hybrid_AddAnomaly
100,26.010166666765144,26.352950000273268,26.352950000273268,29.284915000289402,29.616983000096297,3844.6504892172184,12,single-process local prepared-frame preprocessing + models + calibration; excludes historical state lookup,Hybrid_AddAnomaly
1000,29.313891666561176,28.96859999964363,28.96859999964363,33.987250000336644,34.45761000029961,34113.51898870241,12,single-process local prepared-frame preprocessing + models + calibration; excludes historical state lookup,Hybrid_AddAnomaly
1,18.42654166648572,18.722649999290297,18.722649999290297,20.375254999908066,20.54945100013356,54.26954325448951,12,single-process local prepared-frame preprocessing + models + calibration; excludes historical state lookup,Hybrid_AddDeviceRecipient
10,18.533033333217947,18.323249999866675,18.323249999866675,20.209909999493902,20.582061999584766,539.5770794884589,12,single-process local prepared-frame preprocessing + models + calibration; excludes historical state lookup,Hybrid_AddDeviceRecipient
100,20.87899999999839,19.89800000001196,19.89800000001196,25.872380000009795,27.64575600017452,4789.501412903286,12,single-process local prepared-frame preprocessing + models + calibration; excludes historical state lookup,Hybrid_AddDeviceRecipient
1000,31.399083333402206,30.330900000080874,30.330900000080874,36.811665000186615,39.96985299991139,31848.06350496877,12,single-process local prepared-frame preprocessing + models + calibration; excludes historical state lookup,Hybrid_AddDeviceRecipient
1,19.21909166670351,18.974750000325002,18.974750000325002,21.930439999778173,22.32168800001091,52.031595318964506,12,single-process local prepared-frame preprocessing + models + calibration; excludes historical state lookup,FullHybrid
10,20.978658333281903,20.871149999948102,20.871149999948102,23.791929999833883,24.1955860005055,476.6749065232333,12,single-process local prepared-frame preprocessing + models + calibration; excludes historical state lookup,FullHybrid
100,20.630741666764152,20.03385000034541,20.03385000034541,24.205970000457455,25.030794000686,4847.135484280658,12,single-process local prepared-frame preprocessing + models + calibration; excludes historical state lookup,FullHybrid
1000,29.373883333088695,29.167149999466346,29.167149999466346,32.15309999973215,32.55173999982617,34043.847340863285,12,single-process local prepared-frame preprocessing + models + calibration; excludes historical state lookup,FullHybrid
1,15.113241666767863,10.391149999577465,10.391149999577465,37.23662500001406,62.413644999951465,66.16714150736274,12,single-process local prepared-frame preprocessing + models + calibration; excludes historical state lookup,Hybrid_WithoutAnomaly
10,9.435366666669628,9.224750000157655,9.224750000157655,10.56047499973829,10.999374999855718,1059.8422248204656,12,single-process local prepared-frame preprocessing + models + calibration; excludes historical state lookup,Hybrid_WithoutAnomaly
100,10.50580833331575,10.24329999972906,10.24329999972906,12.032305000184351,12.08022100047856,9518.544106966292,12,single-process local prepared-frame preprocessing + models + calibration; excludes historical state lookup,Hybrid_WithoutAnomaly
1000,19.845158333282598,18.37974999943981,18.37974999943981,27.70021500000439,28.40716299986525,50390.12454352081,12,single-process local prepared-frame preprocessing + models + calibration; excludes historical state lookup,Hybrid_WithoutAnomaly
1,22.98899999997654,20.776749999640742,20.776749999640742,32.8078350000851,37.581967000141965,43.49906477015183,12,single-process local prepared-frame preprocessing + models + calibration; excludes historical state lookup,Hybrid_WithoutGraph
10,18.872874999866934,18.494499999633263,18.494499999633263,21.016140000028827,21.250748000056774,529.860977729705,12,single-process local prepared-frame preprocessing + models + calibration; excludes historical state lookup,Hybrid_WithoutGraph
100,21.82444166677063,21.954949999781093,21.954949999781093,23.3960650004974,23.68193300067105,4582.018707596887,12,single-process local prepared-frame preprocessing + models + calibration; excludes historical state lookup,Hybrid_WithoutGraph
1000,32.58134166662785,31.933899999785353,31.933899999785353,36.5912200000821,36.70808399994712,30692.41316800259,12,single-process local prepared-frame preprocessing + models + calibration; excludes historical state lookup,Hybrid_WithoutGraph
1,20.703333333206803,20.620249999865337,20.620249999865337,22.94540499974573,24.330920999864247,48.30140074091668,12,single-process local prepared-frame preprocessing + models + calibration; excludes historical state lookup,Hybrid_WithoutSequence
10,22.721616666482685,22.193050000169023,22.193050000169023,29.075409999404656,29.202041999214998,440.10952859491243,12,single-process local prepared-frame preprocessing + models + calibration; excludes historical state lookup,Hybrid_WithoutSequence
100,20.06511666665271,19.99729999988631,19.99729999988631,22.010800000361996,22.056560000246463,4983.773663583793,12,single-process local prepared-frame preprocessing + models + calibration; excludes historical state lookup,Hybrid_WithoutSequence
1000,27.510091666878605,26.91885000012917,26.91885000012917,29.14264500045647,29.184929000284683,36350.29690591589,12,single-process local prepared-frame preprocessing + models + calibration; excludes historical state lookup,Hybrid_WithoutSequence
1,9.087983333377755,8.725950000098237,8.725950000098237,11.077630000090721,11.515605999975378,110.03541306323318,12,single-process local prepared-frame preprocessing + models + calibration; excludes historical state lookup,WithoutGraphFeatures
10,12.686391666875352,11.896750000232714,11.896750000232714,18.073245000186944,18.476329000504847,788.2461981770891,12,single-process local prepared-frame preprocessing + models + calibration; excludes historical state lookup,WithoutGraphFeatures
100,9.290058333287257,9.045550000337244,9.045550000337244,10.82565499973498,11.263850999694114,10764.195058032034,12,single-process local prepared-frame preprocessing + models + calibration; excludes historical state lookup,WithoutGraphFeatures
1000,13.9920166666343,13.565799999923911,13.565799999923911,15.69771499980561,16.845543000054022,71469.32596104064,12,single-process local prepared-frame preprocessing + models + calibration; excludes historical state lookup,WithoutGraphFeatures
1,9.118608333362014,9.16780000034123,9.16780000034123,9.88135999973565,10.01723199987282,109.6658572713696,12,single-process local prepared-frame preprocessing + models + calibration; excludes historical state lookup,WithoutSequenceFeatures
10,8.598741666598167,8.522999999968306,8.522999999968306,9.15777999985039,9.243316000074628,1162.960859592401,12,single-process local prepared-frame preprocessing + models + calibration; excludes historical state lookup,WithoutSequenceFeatures
100,9.148516666831105,9.079949999886594,9.079949999886594,9.839995000311319,9.974239000457601,10930.733761743077,12,single-process local prepared-frame preprocessing + models + calibration; excludes historical state lookup,WithoutSequenceFeatures
1000,14.788508333367645,14.85915000012028,14.85915000012028,16.559489999826837,16.57893799944759,67620.07211665003,12,single-process local prepared-frame preprocessing + models + calibration; excludes historical state lookup,WithoutSequenceFeatures
